<?xml version="1.0" ?><sweep runs="1"><parameter name="EndTime" type="constant" constant_type="int" value="300"></parameter><parameter name="InterventionTime" type="constant" constant_type="int" value="100"></parameter><parameter name="randomSeed" type="number" number_type="int" start="0" end="50" step="1"><parameter name="habitsDecrease" type="list" value_type="boolean" values="true false"><parameter name="getExtraAttention" type="number" number_type="double" start="1.0" end="4.0" step="0.5"><parameter name="motivateMultipleAlternatives" type="list" value_type="boolean" values="true false"></parameter></parameter></parameter></parameter></sweep>