<repast.simphony.chart2.engine.TimeSeriesChartDescriptor simphonyVersion="2.6.0">
  <name>IntentionStrength</name>
  <dataSet>Intention</dataSet>
  <xAxisLabel>Tick Count</xAxisLabel>
  <yAxisLabel>Intention Strength</yAxisLabel>
  <chartTitle>Intention Strength</chartTitle>
  <type>TIME_SERIES</type>
  <background>
    <red>192</red>
    <green>192</green>
    <blue>192</blue>
    <alpha>255</alpha>
  </background>
  <gridLineColor>
    <red>255</red>
    <green>255</green>
    <blue>255</blue>
    <alpha>255</alpha>
  </gridLineColor>
  <showGrid>true</showGrid>
  <showLegend>true</showLegend>
  <seriesIds>
    <entry>
      <string>BikeIntention</string>
      <SeriesData>
        <label>BikeIntention</label>
        <color>
          <red>0</red>
          <green>0</green>
          <blue>255</blue>
          <alpha>255</alpha>
        </color>
      </SeriesData>
    </entry>
    <entry>
      <string>CarIntention</string>
      <SeriesData>
        <label>CarIntention</label>
        <color>
          <red>255</red>
          <green>0</green>
          <blue>0</blue>
          <alpha>255</alpha>
        </color>
      </SeriesData>
    </entry>
    <entry>
      <string>WalkIntention</string>
      <SeriesData>
        <label>WalkIntention</label>
        <color>
          <red>0</red>
          <green>255</green>
          <blue>0</blue>
          <alpha>255</alpha>
        </color>
      </SeriesData>
    </entry>
  </seriesIds>
  <dataValueIds/>
  <plotRangeLength>-1</plotRangeLength>
</repast.simphony.chart2.engine.TimeSeriesChartDescriptor>