<repast.simphony.chart2.engine.TimeSeriesChartDescriptor simphonyVersion="2.6.0">
  <name>HabitStrengthPerActivityPerAgentPerTick</name>
  <dataSet>HabitStrengthPerActvityPerAgentPerTick</dataSet>
  <xAxisLabel>Tick Count</xAxisLabel>
  <yAxisLabel>HabitStrength</yAxisLabel>
  <chartTitle>HabitStrength</chartTitle>
  <type>TIME_SERIES</type>
  <background>
    <red>192</red>
    <green>192</green>
    <blue>192</blue>
    <alpha>255</alpha>
  </background>
  <gridLineColor>
    <red>255</red>
    <green>255</green>
    <blue>255</blue>
    <alpha>255</alpha>
  </gridLineColor>
  <showGrid>true</showGrid>
  <showLegend>true</showLegend>
  <seriesIds>
    <entry>
      <string>ID</string>
      <SeriesData>
        <label></label>
      </SeriesData>
    </entry>
  </seriesIds>
  <dataValueIds>
    <string>ID</string>
    <string>RideBikeHabitStrength</string>
    <string>TakeCarHabitStrength</string>
    <string>WalkHabitStrength</string>
  </dataValueIds>
  <plotRangeLength>-1</plotRangeLength>
</repast.simphony.chart2.engine.TimeSeriesChartDescriptor>