<repast.simphony.data2.engine.FileSinkDescriptor simphonyVersion="2.6.0">
  <name>IntentionalStrengthPerActivityPerAgentPerTick</name>
  <dataSet>IntentionStrengthPerActivityPerAgentPerTick</dataSet>
  <delimiter>,</delimiter>
  <format>TABULAR</format>
  <sourceIds class="linked-hash-set">
    <string>run</string>
    <string>random_seed</string>
    <string>tick</string>
    <string>ID</string>
    <string>WalkIntentionStrength</string>
    <string>TakeCarIntentionStrength</string>
    <string>RideBikeIntentionStrength</string>
  </sourceIds>
  <fileName>IntentionStrength.txt</fileName>
  <addTimeStamp>true</addTimeStamp>
</repast.simphony.data2.engine.FileSinkDescriptor>