<repast.simphony.data2.engine.DataSetDescriptor simphonyVersion="2.6.0">
  <name>IntentionStrengthPerActivityPerAgentPerTick</name>
  <type>NON_AGGREGATE</type>
  <sourceType>Agent</sourceType>
  <inclTick>true</inclTick>
  <inclBatchRun>true</inclBatchRun>
  <inclRandomSeed>true</inclRandomSeed>
  <scheduleParams>
    <start>1.0</start>
    <interval>1.0</interval>
    <priority>-Infinity</priority>
    <pType>LAST</pType>
    <duration>-1.0</duration>
    <frequency>REPEAT</frequency>
    <hashCode>507313882</hashCode>
  </scheduleParams>
  <atEnd>false</atEnd>
  <methodDataSources class="linked-hash-map">
    <entry>
      <string>WalkIntentionStrength</string>
      <repast.simphony.data2.engine.MethodDataSourceDefinition>
        <id>WalkIntentionStrength</id>
        <className>Agent</className>
        <methodName>getWalkIntentionStrength</methodName>
      </repast.simphony.data2.engine.MethodDataSourceDefinition>
    </entry>
    <entry>
      <string>TakeCarIntentionStrength</string>
      <repast.simphony.data2.engine.MethodDataSourceDefinition>
        <id>TakeCarIntentionStrength</id>
        <className>Agent</className>
        <methodName>getTakeCarIntentionStrength</methodName>
      </repast.simphony.data2.engine.MethodDataSourceDefinition>
    </entry>
    <entry>
      <string>RideBikeIntentionStrength</string>
      <repast.simphony.data2.engine.MethodDataSourceDefinition>
        <id>RideBikeIntentionStrength</id>
        <className>Agent</className>
        <methodName>getRideBikeIntentionStrength</methodName>
      </repast.simphony.data2.engine.MethodDataSourceDefinition>
    </entry>
    <entry>
      <string>ID</string>
      <repast.simphony.data2.engine.MethodDataSourceDefinition>
        <id>ID</id>
        <className>Agent</className>
        <methodName>getID</methodName>
      </repast.simphony.data2.engine.MethodDataSourceDefinition>
    </entry>
  </methodDataSources>
  <countSources class="linked-hash-map"/>
  <customNADataSources class="linked-hash-map"/>
  <customAggDataSources class="linked-hash-map"/>
</repast.simphony.data2.engine.DataSetDescriptor>