<repast.simphony.data2.engine.DataSetDescriptor simphonyVersion="2.6.0">
  <name>Intention</name>
  <type>AGGREGATE</type>
  <inclTick>true</inclTick>
  <inclBatchRun>true</inclBatchRun>
  <inclRandomSeed>true</inclRandomSeed>
  <scheduleParams>
    <start>1.0</start>
    <interval>1.0</interval>
    <priority>-Infinity</priority>
    <pType>LAST</pType>
    <duration>-1.0</duration>
    <frequency>REPEAT</frequency>
    <hashCode>-199217781</hashCode>
  </scheduleParams>
  <atEnd>false</atEnd>
  <methodDataSources class="linked-hash-map">
    <entry>
      <string>BikeIntention</string>
      <repast.simphony.data2.engine.MethodDataSourceDefinition>
        <id>BikeIntention</id>
        <className>Agent</className>
        <methodName>getRideBikeIntentionStrength</methodName>
        <aggType>MEAN</aggType>
      </repast.simphony.data2.engine.MethodDataSourceDefinition>
    </entry>
    <entry>
      <string>CarIntention</string>
      <repast.simphony.data2.engine.MethodDataSourceDefinition>
        <id>CarIntention</id>
        <className>Agent</className>
        <methodName>getTakeCarIntentionStrength</methodName>
        <aggType>MEAN</aggType>
      </repast.simphony.data2.engine.MethodDataSourceDefinition>
    </entry>
    <entry>
      <string>WalkIntention</string>
      <repast.simphony.data2.engine.MethodDataSourceDefinition>
        <id>WalkIntention</id>
        <className>Agent</className>
        <methodName>getWalkIntentionStrength</methodName>
        <aggType>MEAN</aggType>
      </repast.simphony.data2.engine.MethodDataSourceDefinition>
    </entry>
  </methodDataSources>
  <countSources class="linked-hash-map"/>
  <customNADataSources class="linked-hash-map"/>
  <customAggDataSources class="linked-hash-map"/>
</repast.simphony.data2.engine.DataSetDescriptor>