<repast.simphony.data2.engine.FileSinkDescriptor simphonyVersion="2.6.0">
  <name>ChosenActionPerAgent</name>
  <dataSet>ChosenAction</dataSet>
  <delimiter>,</delimiter>
  <format>TABULAR</format>
  <sourceIds class="linked-hash-set">
    <string>run</string>
    <string>random_seed</string>
    <string>tick</string>
    <string>ChosenAction</string>
    <string>ID</string>
  </sourceIds>
  <fileName>ChosenAction.txt</fileName>
  <addTimeStamp>true</addTimeStamp>
</repast.simphony.data2.engine.FileSinkDescriptor>