<repast.simphony.data2.engine.FileSinkDescriptor simphonyVersion="2.6.0">
  <name>HabitStrengthPerActivtyPerAgentPerTick</name>
  <dataSet>HabitStrengthPerActvityPerAgentPerTick</dataSet>
  <delimiter>,</delimiter>
  <format>TABULAR</format>
  <sourceIds class="linked-hash-set">
    <string>run</string>
    <string>random_seed</string>
    <string>tick</string>
    <string>ID</string>
    <string>RideBikeHabitStrength</string>
    <string>TakeCarHabitStrength</string>
    <string>WalkHabitStrength</string>
  </sourceIds>
  <fileName>HabitStrengthPerActivityPerAgentPerTick.txt</fileName>
  <addTimeStamp>true</addTimeStamp>
</repast.simphony.data2.engine.FileSinkDescriptor>