<?xml version="1.0" encoding="UTF-8" ?>
<Scenario simphonyVersion="2.6.0">
<repast.simphony.action.data_set context="SoPrA-Repast2.6" file="repast.simphony.action.data_set_0.xml" />
<repast.simphony.action.data_set context="SoPrA-Repast2.6" file="repast.simphony.action.data_set_1.xml" />
<repast.simphony.action.data_set context="SoPrA-Repast2.6" file="repast.simphony.action.data_set_2.xml" />
<repast.simphony.action.data_set context="SoPrA-Repast2.6" file="repast.simphony.action.data_set_3.xml" />
<repast.simphony.action.data_set context="SoPrA-Repast2.6" file="repast.simphony.action.data_set_4.xml" />
<repast.simphony.action.file_sink context="SoPrA-Repast2.6" file="repast.simphony.action.file_sink_5.xml" />
<repast.simphony.action.file_sink context="SoPrA-Repast2.6" file="repast.simphony.action.file_sink_6.xml" />
<repast.simphony.action.file_sink context="SoPrA-Repast2.6" file="repast.simphony.action.file_sink_7.xml" />
<repast.simphony.action.file_sink context="SoPrA-Repast2.6" file="repast.simphony.action.file_sink_8.xml" />
<repast.simphony.dataLoader.engine.ClassNameDataLoaderAction context="SoPrA-Repast2.6" file="repast.simphony.dataLoader.engine.ClassNameDataLoaderAction_9.xml" />
<repast.simphony.action.time_series_chart context="SoPrA-Repast2.6" file="repast.simphony.action.time_series_chart_10.xml" />
<repast.simphony.action.time_series_chart context="SoPrA-Repast2.6" file="repast.simphony.action.time_series_chart_11.xml" />
<repast.simphony.action.display context="SoPrA-Repast2.6" file="repast.simphony.action.display_12.xml" />
</Scenario>